Organization_name,Profile
"
Telerik ",https://clutch.co/app-development/profile/telerik
"
Appsmoment ",https://clutch.co/app-development/profile/appsmoment
"
GameSalad ",https://clutch.co/app-development/profile/gamesalad
"
Apple Xcode ",https://clutch.co/app-development/profile/apple-xcode
"
Xojo ",https://clutch.co/app-development/profile/xojo
"
Xamarin (Microsoft) ",https://clutch.co/app-development/profile/xamarin-microsoft
"
Snappii ",https://clutch.co/app-development/profile/snappii
"
Qt Creator ",https://clutch.co/app-development/profile/qt-creator
"
Appcelerator (Axway) ",https://clutch.co/app-development/profile/appcelerator-axway
"
July MX Platform  ",https://clutch.co/app-development/profile/july-mx-platform
"
Salesforce App Cloud ",https://clutch.co/app-development/profile/salesforce-app-cloud
"
Meteor Development Group ",https://clutch.co/app-development/profile/meteor-development-group
"
Zoho Creator ",https://clutch.co/app-development/profile/zoho-creator
"
Verivo AppStudio ",https://clutch.co/app-development/profile/verivo-appstudio
"
Nevercode ",https://clutch.co/app-development/profile/nevercode
"
Appzillon ",https://clutch.co/app-development/profile/appzillon
"
Sencha ",https://clutch.co/app-development/profile/sencha
"
AppYourself ",https://clutch.co/app-development/profile/appyourself
"
V-Play Cross Platform SDK ",https://clutch.co/app-development/profile/v-play-cross-platform-sdk
"
Kony, Inc. ",https://clutch.co/app-development/profile/kony
"
AngularJS ",https://clutch.co/app-development/profile/angularjs
"
Android Studio ",https://clutch.co/app-development/profile/android-studio
"
Ionic  ",https://clutch.co/app-development/profile/ionic
"
Apache Cordova ",https://clutch.co/app-development/profile/apache-cordova
"
Adobe PhoneGap ",https://clutch.co/app-development/profile/adobe-phonegap
"
AppMachine ",https://clutch.co/app-development/profile/appmachine
"
Parse ",https://clutch.co/app-development/profile/parse
"
Kumulos ",https://clutch.co/app-development/profile/kumulos
"
Hatch Apps ",https://clutch.co/app-development/profile/hatch-apps
"
Usablenet ",https://clutch.co/app-development/profile/usablenet
"
Pega 7 ",https://clutch.co/app-development/profile/pega-7
"
Kii ",https://clutch.co/app-development/profile/kii
"
Bobile ",https://clutch.co/app-development/profile/bobile
"
Red Hat Mobile Application Platform ",https://clutch.co/app-development/profile/red-hat-mobile-application-platform
"
Embarcadero Technologies ",https://clutch.co/app-development/profile/embarcadero-technologies
"
Magnet Systems ",https://clutch.co/app-development/profile/magnet-systems
"
App Press ",https://clutch.co/app-development/profile/app-press
"
DSI ",https://clutch.co/app-development/profile/dsi
"
AnyPresence ",https://clutch.co/app-development/profile/anypresence
"
TrackVia ",https://clutch.co/app-development/profile/trackvia
"
iBuildApp ",https://clutch.co/app-development/profile/ibuildapp
"
AppsBuilder ",https://clutch.co/app-development/profile/appsbuilder
"
JetBrains AppCode ",https://clutch.co/app-development/profile/jetbrains-appcode
"
Corona Labs ",https://clutch.co/app-development/profile/corona-labs
"
AppFurnance ",https://clutch.co/app-development/profile/appfurnance
"
AppMakr  ",https://clutch.co/app-development/profile/appmakr
"
CommonTime ",https://clutch.co/app-development/profile/commontime
"
Appsbar ",https://clutch.co/app-development/profile/appsbar
"
Spring Global ",https://clutch.co/app-development/profile/spring-global
"
AppGyver ",https://clutch.co/app-development/profile/appgyver
"
Formotus ",https://clutch.co/app-development/profile/formotus
"
DoubleDutch ",https://clutch.co/app-development/profile/doubledutch
"
Canvas ",https://clutch.co/app-development/profile/canvas
"
BuildFire ",https://clutch.co/app-development/profile/buildfire
"
Halosys ",https://clutch.co/app-development/profile/halosys
"
EachScape ",https://clutch.co/app-development/profile/eachscape
"
MobileSmith ",https://clutch.co/app-development/profile/mobilesmith
"
Appery.io  ",https://clutch.co/app-development/profile/apperyio
"
BeaconStac ",https://clutch.co/app-development/profile/beaconstac
"
Buzztouch ",https://clutch.co/app-development/profile/buzztouch
"
AppBuilderOnline.com ",https://clutch.co/app-development/profile/appbuilderonlinecom
"
Taplytics ",https://clutch.co/app-development/profile/taplytics
"
Magmito ",https://clutch.co/app-development/profile/magmito
"
appsfreedom ",https://clutch.co/app-development/profile/appsfreedom
"
Appear Networks ",https://clutch.co/app-development/profile/appear-networks
"
Paperlit ",https://clutch.co/app-development/profile/paperlit
"
Create My Free App ",https://clutch.co/app-development/profile/create-my-free-app
"
MobAppCreator ",https://clutch.co/app-development/profile/mobappcreator
"
AppNotch ",https://clutch.co/app-development/profile/appnotch
"
Appscend ",https://clutch.co/app-development/profile/appscend
"
Convertigo ",https://clutch.co/app-development/profile/convertigo
"
MyAppBuilder ",https://clutch.co/app-development/profile/myappbuilder
"
Backbone bits ",https://clutch.co/app-development/profile/backbone-bits
"
WaveMaker Platform (Pramati) ",https://clutch.co/app-development/profile/wavemaker-platform-pramati
"
Appsme ",https://clutch.co/app-development/profile/appsme
"
Appy Pie ",https://clutch.co/app-development/profile/appy-pie
"
MobileRoadie ",https://clutch.co/app-development/profile/mobileroadie
"
MobiRoller ",https://clutch.co/app-development/profile/mobiroller
"
Bizness Apps ",https://clutch.co/app-development/profile/bizness-apps
"
Shoutem ",https://clutch.co/app-development/profile/shoutem
"
Swiftic ",https://clutch.co/app-development/profile/swiftic
"
OutSystems ",https://clutch.co/app-development/profile/outsystems
"
Mobincube - Mobimento Mobile ",https://clutch.co/app-development/profile/mobincube-mobimento-mobile
"
MagPlus Designd ",https://clutch.co/app-development/profile/magplus-designd
"
Alpha Anywhere ",https://clutch.co/app-development/profile/alpha-anywhere
"
AppInstitute ",https://clutch.co/app-development/profile/appinstitute
"
Appsmakerstore ",https://clutch.co/app-development/profile/appsmakerstore
"
Apptive (Unbound Commerce) ",https://clutch.co/app-development/profile/apptive-unbound-commerce
"
Unity Technologies ",https://clutch.co/app-development/profile/unity-technologies
"
AppSheet ",https://clutch.co/app-development/profile/appsheet
"
Kinvey ",https://clutch.co/app-development/profile/kinvey
"
GeneXus ",https://clutch.co/app-development/profile/genexus
"
GoodBarber ",https://clutch.co/app-development/profile/goodbarber
"
Yapp ",https://clutch.co/app-development/profile/yapp
"
Kalipso Studio ",https://clutch.co/app-development/profile/kalipso-studio
